<?xml version="1.0" encoding="UTF-8"?>
<beans xmlns="http://www.springframework.org/schema/beans" xmlns:xsi="http://www.w3.org/2001/XMLSchema-instance"
	xmlns:jee="http://www.springframework.org/schema/jee" xmlns:tx="http://www.springframework.org/schema/tx"
	xmlns:context="http://www.springframework.org/schema/context"
	xsi:schemaLocation="http://www.springframework.org/schema/beans http://www.springframework.org/schema/beans/spring-beans-3.2.xsd
	http://www.springframework.org/schema/tx http://www.springframework.org/schema/tx/spring-tx-3.2.xsd
	http://www.springframework.org/schema/jee http://www.springframework.org/schema/jee/spring-jee-3.2.xsd
	http://www.springframework.org/schema/context http://www.springframework.org/schema/context/spring-context-3.2.xsd"
	default-lazy-init="true">
	
	<!-- druid filter -->
	<bean id="stat-filter" class="com.alibaba.druid.filter.stat.StatFilter">
		<!-- 慢SQL记录 -->
		<property name="slowSqlMillis" value="2000" />
		<property name="logSlowSql" value="true" />

		<!-- SQL合并 -->
		<property name="mergeSql" value="true" />
	</bean>

	<bean id="log-filter" class="com.alibaba.druid.filter.logging.Log4jFilter">
		<property name="resultSetLogEnabled" value="false" />
	</bean>

	<!-- 防御sql注入 -->
	<bean id="wall-filter" class="com.alibaba.druid.wall.WallFilter">
		<property name="logViolation" value="true" />
		<property name="throwException" value="false" />
	</bean>
	
	
	
</beans>  